﻿Designator,Footprint,Quantity,Value,LCSC Part #
"C1, C15, C19, C20, C21, C22, C23, C24, C25, C28, C33, C34, C4, C7, C8",0603,15,100n,C14663
"C10, C11, C12, C13, C14, C16, C3, C5, C6, C9",0603,10,1u,C15849
"C17, C18, C29",0603,3,330p,C1664
"C2, C27, C31, C32",1206,4,10u,C13585
C26,CP_Radial_D10.0mm_P3.50mm,1,82u,
C35,0603,1,22p,C1653
"D1, D2, D4",SOT-23,3,BAT54S,C83935
D3,ST_QFN-2L_1.6x1.0mm,1,ESDA25P35-1U1M,C1974707
"D5, D6, D7, D8",D_SOD-123,4,B5819W SL,C8598
FB1,0603,1,600@100MHz,C1002
J1,WR-WST REDFIT IDC 6 DBG,1,REDFIT_SWD_6,
J2,USB_C_Receptacle_HRO_TYPE-C-31-M-12,1,DEBUG,C165948
J3,USB_C_Receptacle_HRO_TYPE-C-31-M-12,1,POWER,C165948
J4,PinHeader_1x04_P2.54mm_Horizontal,1,Conn_01x04_Pin,
"L1, L2",L_Abracon_ASPI-0425,2,LMDND4040WKT100MM,
Q1,SOIC-8_3.9x4.9mm_P1.27mm,1,Si4162DY,C727585
"Q2, Q4",SOT-23,2,BC817,C466643
Q3,SO-8_3.9x4.9mm_P1.27mm,1,Si4425FDY,C3289788
Q5,SOT-23,1,BC807,C466642
"R1, R2",0603,2,33,C23140
"R10, R11, R12, R13, R14, R15, R16, R17, R19, R24, R28, R3, R30, R4, R6, R8, R9",0603,17,10k,C25804
"R18, R22, R26",0603,3,1k,C21190
R20,0603,1,620,
R21,0603,1,1,C22936
R23,0603,1,1M,C22935
"R25, R32, R5",0603,3,220k,C22961
R27,2010,1,WSLP2010R0100FEA,C844087
R31,0603,1,2M,C22976
R7,0603,1,33k,C4216
SW1,SW_SPST_TL3342,1,BOOT,C318884
SW2,RotaryEncoder_Bourns_Horizontal_PEC09-2xxxF-Sxxxx,1,RotaryEncoder_Switch,
U1,SOT-23-6,1,USBLC6-2SC6,C7519
U10,SOT-23-5,1,TPS61040DBV,
U2,EA_OLEDS102-6,1,EA_OLEDS102-6,
U3,SOIC-8_3.9x4.9mm_P1.27mm,1,M24C64-RMN,C79988
U4,LQFP-48_7x7mm_P0.5mm,1,STM32G431CBTx,C529355
U5,QFN-12-1EP_3x3mm_P0.51mm_EP1.45x1.45mm,1,TCPP01-M12,C1121848
U6,SOT-353_SC-70-5,1,74AHC1G08,C459531
U7,SOT-23-5,1,TLV333-DBV,C75209
U8,WSON-10-1EP_2x3mm_P0.5mm_EP0.84x2.4mm_ThermalVias,1,TPS62177DQC,C91241
U9,VSSOP-8_3x3mm_P0.65mm,1,INA301A1,C471062
